{
  "4": {
    "Orbit": {
      "coverage": 0.9991796554552912,
      "max_gap": 90.0,
      "mean_gap": 90.0,
      "std_gap": 0.0
    },
    "Greedy": {
      "coverage": 0.9991796554552912,
      "max_gap": 160.0,
      "mean_gap": 90.0,
      "std_gap": 50.39387009945174
    },
    "Hybrid": {
      "coverage": 0.9991796554552912,
      "max_gap": 159.99999999999997,
      "mean_gap": 90.0,
      "std_gap": 69.99999999999997
    }
  },
  "6": {
    "Orbit": {
      "coverage": 0.9991796554552912,
      "max_gap": 60.00000000000002,
      "mean_gap": 60.0,
      "std_gap": 1.085371957040555e-14
    },
    "Greedy": {
      "coverage": 0.9991796554552912,
      "max_gap": 160.0,
      "mean_gap": 60.0,
      "std_gap": 59.10184511276793
    },
    "Hybrid": {
      "coverage": 0.9991796554552912,
      "max_gap": 120.00000000000001,
      "mean_gap": 60.0,
      "std_gap": 60.0
    }
  },
  "8": {
    "Orbit": {
      "coverage": 0.9991796554552912,
      "max_gap": 45.0,
      "mean_gap": 45.0,
      "std_gap": 0.0
    },
    "Greedy": {
      "coverage": 0.9991796554552912,
      "max_gap": 160.0,
      "mean_gap": 45.0,
      "std_gap": 57.40009644417166
    },
    "Hybrid": {
      "coverage": 0.9991796554552912,
      "max_gap": 90.0,
      "mean_gap": 45.0,
      "std_gap": 45.0
    }
  },
  "12": {
    "Orbit": {
      "coverage": 0.9991796554552912,
      "max_gap": 30.00000000000003,
      "mean_gap": 30.0,
      "std_gap": 1.9459014222361976e-14
    },
    "Greedy": {
      "coverage": 0.9991796554552912,
      "max_gap": 160.0,
      "mean_gap": 30.0,
      "std_gap": 51.44428100252549
    },
    "Hybrid": {
      "coverage": 0.9991796554552912,
      "max_gap": 60.00000000000002,
      "mean_gap": 30.0,
      "std_gap": 30.0
    }
  },
  "16": {
    "Orbit": {
      "coverage": 0.9991796554552912,
      "max_gap": 22.500000000000014,
      "mean_gap": 22.5,
      "std_gap": 6.2803698347351005e-15
    },
    "Greedy": {
      "coverage": 0.9991796554552912,
      "max_gap": 160.0,
      "mean_gap": 22.5,
      "std_gap": 46.407278910749596
    },
    "Hybrid": {
      "coverage": 0.9991796554552912,
      "max_gap": 45.0,
      "mean_gap": 22.5,
      "std_gap": 22.5
    }
  }
}