{
  "1.0": {
    "coverage": 0.9991796554552912,
    "max_gap": 45.0,
    "mean_gap": 45.0,
    "n_visible": 2436.0
  },
  "2.0": {
    "coverage": 0.9991796554552912,
    "max_gap": 45.0,
    "mean_gap": 45.0,
    "n_visible": 2436.0
  },
  "3.0": {
    "coverage": 0.9991796554552912,
    "max_gap": 45.0,
    "mean_gap": 45.0,
    "n_visible": 2436.0
  },
  "4.0": {
    "coverage": 0.9991796554552912,
    "max_gap": 45.0,
    "mean_gap": 45.0,
    "n_visible": 2436.0
  },
  "5.0": {
    "coverage": 1.0,
    "max_gap": 45.0,
    "mean_gap": 45.0,
    "n_visible": 2438.0
  }
}