{
  "fixed_altitude": 2.0,
  "n_budget": 8,
  "results": {
    "Orbit-8": {
      "coverage": 0.9991796554552912,
      "max_gap": 45.0,
      "mean_gap": 45.0,
      "std_gap": 0.0
    },
    "Greedy-8": {
      "coverage": 0.9991796554552912,
      "max_gap": 160.0,
      "mean_gap": 45.0,
      "std_gap": 57.40009644417166
    },
    "Hybrid-8": {
      "coverage": 0.9991796554552912,
      "max_gap": 159.99999999999997,
      "mean_gap": 45.0,
      "std_gap": 49.62358310319801
    }
  },
  "orbit_path": [
    [
      -28.67,
      -50.83,
      -1.82
    ],
    [
      -30.134466094067264,
      -47.29446609406726,
      -1.82
    ],
    [
      -33.67,
      -45.83,
      -1.82
    ],
    [
      -37.20553390593274,
      -47.29446609406726,
      -1.82
    ],
    [
      -38.67,
      -50.83,
      -1.82
    ],
    [
      -37.20553390593274,
      -54.365533905932736,
      -1.82
    ],
    [
      -33.67,
      -55.83,
      -1.82
    ],
    [
      -30.134466094067264,
      -54.365533905932736,
      -1.82
    ]
  ],
  "greedy_path": [
    [
      -34.45141679950119,
      -55.26163488855494,
      -1.82
    ],
    [
      -32.534291668715674,
      -43.416487567539164,
      -1.82
    ],
    [
      -34.45141679950119,
      -46.39836511144506,
      -1.82
    ],
    [
      -29.17,
      -50.83,
      -1.82
    ],
    [
      -29.17,
      -50.83,
      -1.82
    ],
    [
      -29.17,
      -50.83,
      -1.82
    ],
    [
      -29.17,
      -50.83,
      -1.82
    ],
    [
      -29.17,
      -50.83,
      -1.82
    ]
  ],
  "hybrid_path": [
    [
      -28.67,
      -50.83,
      -1.82
    ],
    [
      -30.134466094067264,
      -47.29446609406726,
      -1.82
    ],
    [
      -33.67,
      -45.83,
      -1.82
    ],
    [
      -37.20553390593274,
      -47.29446609406726,
      -1.82
    ],
    [
      -37.89861679353659,
      -52.36909064496551,
      -1.82
    ],
    [
      -29.17,
      -50.83,
      -1.82
    ],
    [
      -29.17,
      -50.83,
      -1.82
    ],
    [
      -29.17,
      -50.83,
      -1.82
    ]
  ]
}