{
  "altitude": 1,
  "path": [
    {
      "step": 1,
      "pos": [
        -39.62268820788687,
        -51.58199940138582,
        -0.8200000000000001
      ],
      "alt": 1.0,
      "azimuth": -172.8,
      "gained": 139,
      "coverage": 0.6881
    },
    {
      "step": 2,
      "pos": [
        -26.17,
        -50.83,
        -0.8200000000000001
      ],
      "alt": 1.0,
      "azimuth": 0.0,
      "gained": 59,
      "coverage": 0.9802
    },
    {
      "step": 3,
      "pos": [
        -29.441383206463414,
        -49.290909355034486,
        -0.8200000000000001
      ],
      "alt": 1.0,
      "azimuth": 20.0,
      "gained": 2,
      "coverage": 0.9901
    },
    {
      "step": 4,
      "pos": [
        -29.17,
        -50.83,
        -0.8200000000000001
      ],
      "alt": 1.0,
      "azimuth": 0.0,
      "gained": 0,
      "coverage": 0.9901
    }
  ]
}