{
  "altitude": 3,
  "path": [
    {
      "step": 1,
      "pos": [
        -34.45141679950119,
        -55.26163488855494,
        -2.82
      ],
      "alt": 3.0,
      "azimuth": -100.0,
      "gained": 171,
      "coverage": 0.8465
    },
    {
      "step": 2,
      "pos": [
        -32.888583200498815,
        -46.39836511144506,
        -2.82
      ],
      "alt": 3.0,
      "azimuth": 80.0,
      "gained": 29,
      "coverage": 0.9901
    },
    {
      "step": 3,
      "pos": [
        -29.17,
        -50.83,
        -2.82
      ],
      "alt": 3.0,
      "azimuth": 0.0,
      "gained": 0,
      "coverage": 0.9901
    }
  ]
}