{
  "altitude": 2,
  "final_coverage": 0.9900990099009901,
  "path": [
    {
      "step": 1,
      "pos": [
        -34.45141679950119,
        -46.39836511144506,
        -1.82
      ],
      "alt": 2.0,
      "azimuth": 100.0,
      "score": 11334.6,
      "gained": 112,
      "coverage": 0.5545,
      "n_frontier": 0
    },
    {
      "step": 2,
      "pos": [
        -29.17,
        -50.83,
        -1.82
      ],
      "alt": 2.0,
      "azimuth": 0.0,
      "score": 7758.1,
      "gained": 71,
      "coverage": 0.9059,
      "n_frontier": 75
    },
    {
      "step": 3,
      "pos": [
        -42.63757739688274,
        -51.59325332027958,
        -1.82
      ],
      "alt": 2.0,
      "azimuth": -175.1,
      "score": -148.2,
      "gained": 15,
      "coverage": 0.9802,
      "n_frontier": 17
    },
    {
      "step": 4,
      "pos": [
        -37.89861679353659,
        -49.290909355034486,
        -1.82
      ],
      "alt": 2.0,
      "azimuth": 160.0,
      "score": 1754.6,
      "gained": 2,
      "coverage": 0.9901,
      "n_frontier": 2
    }
  ]
}