{
  "altitude": 5,
  "final_coverage": 1.0,
  "path": [
    {
      "step": 1,
      "pos": [
        -32.888583200498815,
        -46.39836511144506,
        -4.82
      ],
      "alt": 5.0,
      "azimuth": 80.0,
      "score": 7035.4,
      "gained": 149,
      "coverage": 0.7376,
      "n_frontier": 0
    },
    {
      "step": 2,
      "pos": [
        -34.45141679950119,
        -55.26163488855494,
        -4.82
      ],
      "alt": 5.0,
      "azimuth": -100.0,
      "score": 1703.5,
      "gained": 53,
      "coverage": 1.0,
      "n_frontier": 53
    }
  ]
}