{
  "altitude": 5,
  "path": [
    {
      "step": 1,
      "pos": [
        -32.888583200498815,
        -55.26163488855494,
        -4.82
      ],
      "alt": 5.0,
      "azimuth": -80.0,
      "gained": 188,
      "coverage": 0.9307
    },
    {
      "step": 2,
      "pos": [
        -34.45141679950119,
        -46.39836511144506,
        -4.82
      ],
      "alt": 5.0,
      "azimuth": 100.0,
      "gained": 14,
      "coverage": 1.0
    },
    {
      "step": 3,
      "pos": [
        -29.17,
        -50.83,
        -4.82
      ],
      "alt": 5.0,
      "azimuth": 0.0,
      "gained": 0,
      "coverage": 1.0
    }
  ]
}