{
  "altitude": 7,
  "path": [
    {
      "step": 1,
      "pos": [
        -34.45141679950119,
        -55.26163488855494,
        -6.82
      ],
      "alt": 7.0,
      "azimuth": -100.0,
      "gained": 191,
      "coverage": 0.9455
    },
    {
      "step": 2,
      "pos": [
        -32.888583200498815,
        -46.39836511144506,
        -6.82
      ],
      "alt": 7.0,
      "azimuth": 80.0,
      "gained": 11,
      "coverage": 1.0
    },
    {
      "step": 3,
      "pos": [
        -29.17,
        -50.83,
        -6.82
      ],
      "alt": 7.0,
      "azimuth": 0.0,
      "gained": 0,
      "coverage": 1.0
    }
  ]
}