{
  "altitude": 6,
  "path": [
    {
      "step": 1,
      "pos": [
        -32.888583200498815,
        -55.26163488855494,
        -5.82
      ],
      "alt": 6.0,
      "azimuth": -80.0,
      "gained": 190,
      "coverage": 0.9406
    },
    {
      "step": 2,
      "pos": [
        -32.888583200498815,
        -46.39836511144506,
        -5.82
      ],
      "alt": 6.0,
      "azimuth": 80.0,
      "gained": 12,
      "coverage": 1.0
    },
    {
      "step": 3,
      "pos": [
        -29.17,
        -50.83,
        -5.82
      ],
      "alt": 6.0,
      "azimuth": 0.0,
      "gained": 0,
      "coverage": 1.0
    }
  ]
}