{
  "altitude": 2,
  "path": [
    {
      "step": 1,
      "pos": [
        -32.888583200498815,
        -55.26163488855494,
        -1.82
      ],
      "alt": 2.0,
      "azimuth": -80.0,
      "gained": 159,
      "coverage": 0.7871
    },
    {
      "step": 2,
      "pos": [
        -34.79428788751435,
        -44.936276495627865,
        -1.82
      ],
      "alt": 2.0,
      "azimuth": 100.8,
      "gained": 41,
      "coverage": 0.9901
    },
    {
      "step": 3,
      "pos": [
        -29.17,
        -50.83,
        -1.82
      ],
      "alt": 2.0,
      "azimuth": 0.0,
      "gained": 0,
      "coverage": 0.9901
    }
  ]
}