{
  "altitude": 7,
  "final_coverage": 1.0,
  "path": [
    {
      "step": 1,
      "pos": [
        -31.420000000000005,
        -54.72711431702997,
        -6.82
      ],
      "alt": 7.0,
      "azimuth": -60.0,
      "score": 4591.3,
      "gained": 186,
      "coverage": 0.9208,
      "n_frontier": 0
    },
    {
      "step": 2,
      "pos": [
        -40.16760484559072,
        -44.60255017920208,
        -6.82
      ],
      "alt": 7.0,
      "azimuth": 136.2,
      "score": 24.0,
      "gained": 16,
      "coverage": 1.0,
      "n_frontier": 15
    }
  ]
}