{
  "note": "Layer2 B-spline smoothing over fixed PB-NBV waypoints. Viewpoint selection (layer1) untouched.",
  "source": "Vasquez-Gomez NBV distance term + B-spline continuity (Smooth CPP)",
  "ctrl_points": [
    [
      -27.06,
      -50.51,
      -6.13
    ],
    [
      -26.47400015320097,
      -50.56600009373256,
      -7.36
    ],
    [
      -30.47400015320097,
      -50.56600009373256,
      -3.36
    ],
    [
      -33.65400014604841,
      -53.746000086580004,
      -3.36
    ],
    [
      -34.20620134978722,
      -53.69768874126749,
      -3.36
    ],
    [
      -34.74162419937772,
      -53.55422262111055,
      -3.36
    ],
    [
      -36.090021469687585,
      -48.52193549952694,
      -3.36
    ],
    [
      -35.69806474025403,
      -48.12997877009339,
      -3.36
    ]
  ],
  "raw_path_length_m": 18.39,
  "raw_max_turn_deg": 160.3,
  "smooth_path_length_m": 19.48,
  "spline_degree": 3,
  "n_sample": 200,
  "wp_offpath_max_m": 0.0348,
  "smooth_trajectory": [
    [
      -27.059999999999995,
      -50.50999999999999,
      -6.129999999999999
    ],
    [
      -26.984501500558654,
      -50.52740968510713,
      -6.270133710106761
    ],
    [
      -26.91462058357507,
      -50.5425200618027,
      -6.401274146908647
    ],
    [
      -26.85025972694149,
      -50.55540634618066,
      -6.523594980735485
    ],
    [
      -26.79132140855021,
      -50.56614375433505,
      -6.637269881917103
    ],
    [
      -26.73770810629352,
      -50.57480750235986,
      -6.742472520783334
    ],
    [
      -26.68932229806368,
      -50.58147280634908,
      -6.839376567664004
    ],
    [
      -26.646066461752984,
      -50.58621488239675,
      -6.928155692888949
    ],
    [
      -26.607843075253697,
      -50.58910894659685,
      -7.008983566787993
    ],
    [
      -26.574554616458123,
      -50.59023021504339,
      -7.08203385969097
    ],
    [
      -26.546103563258505,
      -50.58965390383035,
      -7.147480241927705
    ],
    [
      -26.52239239354715,
      -50.58745522905175,
      -7.20549638382803
    ],
    [
      -26.50332358521634,
      -50.583709406801624,
      -7.256255955721778
    ],
    [
      -26.48879961615832,
      -50.57849165317391,
      -7.299932627938773
    ],
    [
      -26.478722964265426,
      -50.57187718426269,
      -7.336700070808853
    ],
    [
      -26.472996107429882,
      -50.56394121616189,
      -7.366731954661837
    ],
    [
      -26.471521523543995,
      -50.55475896496557,
      -7.390201949827563
    ],
    [
      -26.474201690500045,
      -50.544405646767714,
      -7.407283726635858
    ],
    [
      -26.480939086190304,
      -50.53295647766232,
      -7.418150955416552
    ],
    [
      -26.491636188507055,
      -50.5204866737434,
      -7.422977306499477
    ],
    [
      -26.506195475342572,
      -50.50707145110494,
      -7.421936450214459
    ],
    [
      -26.524519424589137,
      -50.492786025840964,
      -7.41520205689133
    ],
    [
      -26.546510514139037,
      -50.47770561404548,
      -7.402947796859919
    ],
    [
      -26.572071221884542,
      -50.46190543181248,
      -7.385347340450057
    ],
    [
      -26.601104025717937,
      -50.44546069523596,
      -7.362574357991574
    ],
    [
      -26.633511403531497,
      -50.428446620409936,
      -7.334802519814295
    ],
    [
      -26.6691958332175,
      -50.4109384234284,
      -7.302205496248057
    ],
    [
      -26.708059792668234,
      -50.39301132038537,
      -7.264956957622687
    ],
    [
      -26.750005759775974,
      -50.37474052737484,
      -7.223230574268013
    ],
    [
      -26.794936212432997,
      -50.35620126049082,
      -7.177200016513867
    ],
    [
      -26.84275362853158,
      -50.337468735827294,
      -7.127038954690074
    ],
    [
      -26.89336048596401,
      -50.318618169478306,
      -7.0729210591264735
    ],
    [
      -26.94665926262256,
      -50.29972477753782,
      -7.015020000152887
    ],
    [
      -27.00255243639952,
      -50.28086377609986,
      -6.9535094480991475
    ],
    [
      -27.060942485187155,
      -50.262110381258424,
      -6.888563073295083
    ],
    [
      -27.12173188687775,
      -50.24353980910751,
      -6.820354546070526
    ],
    [
      -27.18482311936359,
      -50.22522727574112,
      -6.749057536755303
    ],
    [
      -27.25011866053694,
      -50.20724799725327,
      -6.674845715679246
    ],
    [
      -27.3175209882901,
      -50.18967718973797,
      -6.597892753172187
    ],
    [
      -27.38693258051533,
      -50.172590069289186,
      -6.518372319563949
    ],
    [
      -27.45825591510493,
      -50.156061852000974,
      -6.436458085184371
    ],
    [
      -27.531393469951155,
      -50.14016775396729,
      -6.352323720363274
    ],
    [
      -27.606247722946303,
      -50.12498299128217,
      -6.266142895430493
    ],
    [
      -27.682721151982644,
      -50.11058278003959,
      -6.178089280715855
    ],
    [
      -27.760716234952465,
      -50.097042336333594,
      -6.088336546549194
    ],
    [
      -27.84013544974804,
      -50.08443687625814,
      -5.9970583632603365
    ],
    [
      -27.920881274261642,
      -50.07284161590725,
      -5.904428401179112
    ],
    [
      -28.002856186385557,
      -50.062331771374936,
      -5.810620330635352
    ],
    [
      -28.085962664012076,
      -50.0529825587552,
      -5.715807821958885
    ],
    [
      -28.17010318503346,
      -50.04486919414203,
      -5.620164545479541
    ],
    [
      -28.255180227342,
      -50.03806689362945,
      -5.523864171527152
    ],
    [
      -28.341096268829972,
      -50.032650873311454,
      -5.427080370431544
    ],
    [
      -28.427753787389644,
      -50.028696349282036,
      -5.32998681252255
    ],
    [
      -28.51505526091332,
      -50.02627853763522,
      -5.232757168129999
    ],
    [
      -28.60290316729326,
      -50.025472654464984,
      -5.1355651075837185
    ],
    [
      -28.691199984421743,
      -50.02635391586534,
      -5.0385843012135405
    ],
    [
      -28.779848190191068,
      -50.02899753793033,
      -4.941988419349298
    ],
    [
      -28.868750262493485,
      -50.03347873675389,
      -4.845951132320813
    ],
    [
      -28.957808679221294,
      -50.039872728430076,
      -4.7506461104579225
    ],
    [
      -29.04692591826677,
      -50.04825472905288,
      -4.656247024090453
    ],
    [
      -29.13600445752219,
      -50.05869995471628,
      -4.562927543548234
    ],
    [
      -29.22494677487984,
      -50.071283621514304,
      -4.470861339161098
    ],
    [
      -29.313655348231997,
      -50.086080945540964,
      -4.3802220812588715
    ],
    [
      -29.402032655470926,
      -50.10316714289024,
      -4.291183440171386
    ],
    [
      -29.489981174488932,
      -50.12261742965615,
      -4.2039190862284705
    ],
    [
      -29.57740338317827,
      -50.14450702193269,
      -4.118602689759955
    ],
    [
      -29.66420175943124,
      -50.16891113581386,
      -4.035407921095672
    ],
    [
      -29.750278781140103,
      -50.195904987393675,
      -3.9545084505654473
    ],
    [
      -29.83553692619715,
      -50.22556379276614,
      -3.8760779484991135
    ],
    [
      -29.919878672494654,
      -50.25796276802524,
      -3.800290085226498
    ],
    [
      -30.0032064979249,
      -50.293177129265004,
      -3.7273185310774326
    ],
    [
      -30.085422880380165,
      -50.33128209257941,
      -3.6573369563817466
    ],
    [
      -30.166430297752733,
      -50.372352874062486,
      -3.5905190314692694
    ],
    [
      -30.24613122793487,
      -50.41646468980821,
      -3.5270384266698316
    ],
    [
      -30.324428148818868,
      -50.4636927559106,
      -3.467068812313262
    ],
    [
      -30.401223538297007,
      -50.514112288463664,
      -3.410783858729391
    ],
    [
      -30.4764198752878,
      -50.56779850209617,
      -3.3583572345632082
    ],
    [
