{
  "algorithm": "Orbit + Soft-regulated PB-NBV (Lambert cos^1, TAU=cos70) + U=F/dist",
  "context": "multi-view (MVS/SfM) reconstruction",
  "fix_z": -3.38,
  "fix_alt_m": 3.0,
  "tilt_deg": 45,
  "alpha": 1.0,
  "tau": 0.342,
  "inc_hard_deg": 70,
  "soft_cov_orbit": 0.9782,
  "soft_cov_final": 0.9935,
  "hard_cov_orbit": 0.9499,
  "real_cov_orbit": 0.991,
  "real_cov_final": 0.9996,
  "n_waypoints": 3,
  "path_length_m": 7.919,
  "waypoints": [
    {
      "idx": 1,
      "pos": [
        -32.563073641104424,
        -53.44860757997541,
        -3.38
      ],
      "tilt_deg": 45.0,
      "azimuth_deg": 290.0
    },
    {
      "idx": 2,
      "pos": [
        -33.09465873912142,
        -53.59104537769748,
        -3.38
      ],
      "tilt_deg": 45.0,
      "azimuth_deg": 280.0
    },
    {
      "idx": 3,
      "pos": [
        -33.64290192903964,
        -53.639010441670614,
        -3.38
      ],
      "tilt_deg": 45.0,
      "azimuth_deg": 270.0
    }
  ]
}