{
  "algorithm": "Consistent tilt45 Orbit (24) + Constrained PB-NBV (overlap>=0.3)",
  "note": "orbit regenerated at tilt=45, standoff ~4.5m -> all in-range, no handoff needed",
  "orbit_n_az": 24,
  "tau_overlap": 0.3,
  "fix_z": -3.38,
  "tilt_deg": 45,
  "orbit_dist_min": 4.46,
  "orbit_dist_max": 4.46,
  "orbit_flight_m": 18.957,
  "soft_cov_orbit": 1.0,
  "soft_cov_final": 1.0,
  "real_cov_orbit": 1.0,
  "real_cov_final": 1.0,
  "az_distribution": [],
  "max_adjacent_daz_deg": 0,
  "overlap_min": 1.0,
  "overlap_mean": 1.0,
  "n_waypoints": 0,
  "supp_path_m": 0.0,
  "total_flight_m": 18.957,
  "orbit_positions": [
    [
      -30.485695229354096,
      -50.481803741985075,
      -3.38
    ],
    [
      -30.5932744388805,
      -49.66465851878118,
      -3.38
    ],
    [
      -30.90868072211353,
      -48.9032003921423,
      -3.38
    ],
    [
      -31.410419662084394,
      -48.24932147502983,
      -3.38
    ],
    [
      -32.064298579196866,
      -47.74758253505897,
      -3.38
    ],
    [
      -32.825756705835744,
      -47.432176251825936,
      -3.38
    ],
    [
      -33.64290192903964,
      -47.32459704229954,
      -3.38
    ],
    [
      -34.46004715224353,
      -47.432176251825936,
      -3.38
    ],
    [
      -35.22150527888241,
      -47.74758253505897,
      -3.38
    ],
    [
      -35.87538419599488,
      -48.24932147502983,
      -3.38
    ],
    [
      -36.377123135965746,
      -48.9032003921423,
      -3.38
    ],
    [
      -36.69252941919878,
      -49.66465851878118,
      -3.38
    ],
    [
      -36.80010862872518,
      -50.481803741985075,
      -3.38
    ],
    [
      -36.69252941919878,
      -51.29894896518897,
      -3.38
    ],
    [
      -36.377123135965746,
      -52.06040709182785,
      -3.38
    ],
    [
      -35.87538419599488,
      -52.71428600894032,
      -3.38
    ],
    [
      -35.22150527888241,
      -53.21602494891118,
      -3.38
    ],
    [
      -34.46004715224353,
      -53.531431232144215,
      -3.38
    ],
    [
      -33.64290192903964,
      -53.639010441670614,
      -3.38
    ],
    [
      -32.825756705835744,
      -53.531431232144215,
      -3.38
    ],
    [
      -32.064298579196866,
      -53.21602494891118,
      -3.38
    ],
    [
      -31.410419662084394,
      -52.71428600894032,
      -3.38
    ],
    [
      -30.908680722113534,
      -52.06040709182785,
      -3.38
    ],
    [
      -30.5932744388805,
      -51.29894896518897,
      -3.38
    ]
  ],
  "waypoints": []
}