{
  "algorithm": "Orbit-end + Constrained PB-NBV (overlap>=0.3, soft cos1, gain/dist)",
  "start": "last orbit camera position",
  "orbit_cams": 34,
  "tau_overlap": 0.3,
  "fix_z": -3.38,
  "tilt_deg": 45,
  "tau": 0.342,
  "orbit_end_az": 359.7,
  "soft_cov_orbit": 0.9782,
  "soft_cov_final": 1.0,
  "real_cov_orbit": 0.991,
  "real_cov_final": 1.0,
  "az_distribution": [
    300,
    290,
    250,
    230,
    240,
    220,
    210
  ],
  "max_adjacent_daz_deg": 40,
  "overlap_min": 0.925,
  "overlap_mean": 0.98,
  "n_waypoints": 7,
  "path_length_m": 12.323,
  "orbit_positions": [
    [
      -27.301481246948242,
      -51.139404296875,
      -4.287908554077148
    ],
    [
      -28.15187644958496,
      -47.24734878540039,
      -4.300856590270996
    ],
    [
      -29.39249038696289,
      -45.83151626586914,
      -4.298030853271484
    ],
    [
      -30.797988891601562,
      -44.89308166503906,
      -4.301465034484863
    ],
    [
      -34.196807861328125,
      -44.175453186035156,
      -4.305869102478027
    ],
    [
      -37.162879943847656,
      -45.038368225097656,
      -4.29289436340332
    ],
    [
      -38.64075469970703,
      -46.57720184326172,
      -4.30288553237915
    ],
    [
      -39.59943771362305,
      -47.94677734375,
      -4.287985801696777
    ],
    [
      -40.2530517578125,
      -51.0150032043457,
      -4.310334205627441
    ],
    [
      -39.17475509643555,
      -54.28124237060547,
      -4.291990280151367
    ],
    [
      -37.94641876220703,
      -55.89333724975586,
      -4.28555154800415
    ],
    [
      -36.47805404663086,
      -56.769718170166016,
      -4.295989990234375
    ],
    [
      -33.09744644165039,
      -57.494873046875,
      -4.3177900314331055
    ],
    [
      -30.161052703857422,
      -56.56343460083008,
      -4.285102367401123
    ],
    [
      -28.64439582824707,
      -55.049800872802734,
      -4.299487590789795
    ],
    [
      -27.73105239868164,
      -53.680362701416016,
      -4.30232048034668
    ],
    [
      -27.00349998474121,
      -50.246273040771484,
      -4.315921783447266
    ],
    [
      -27.162099838256836,
      -50.98422622680664,
      -5.5922675132751465
    ],
    [
      -28.146833419799805,
      -47.32688522338867,
      -5.629266738891602
    ],
    [
      -29.313024520874023,
      -45.88310623168945,
      -5.628866672515869
    ],
    [
      -30.746036529541016,
      -44.95161819458008,
      -5.640003204345703
    ],
    [
      -33.612525939941406,
      -44.264225006103516,
      -5.6766676902771
    ],
    [
      -37.08450698852539,
      -45.00474548339844,
      -5.714404106140137
    ],
    [
      -38.59013366699219,
      -46.50253677368164,
      -5.756341934204102
    ],
    [
      -39.55082702636719,
      -47.85661697387695,
      -5.793814182281494
    ],
    [
      -40.24114227294922,
      -50.95460891723633,
      -5.84243631362915
    ],
    [
      -39.196537017822266,
      -54.2308235168457,
      -5.926692008972168
    ],
    [
      -38.00106430053711,
      -55.83246612548828,
      -5.9481072425842285
    ],
    [
      -36.55687713623047,
      -56.73194885253906,
      -5.985043048858643
    ],
    [
      -33.64992141723633,
      -57.330074310302734,
      -6.023929119110107
    ],
    [
      -30.216190338134766,
      -56.598201751708984,
      -6.057096004486084
    ],
    [
      -28.685386657714844,
      -55.10469055175781,
      -6.093819618225098
    ],
    [
      -27.737947463989258,
      -53.708343505859375,
      -6.100593090057373
    ],
    [
      -27.0584659576416,
      -50.513545989990234,
      -6.131581783294678
    ]
  ],
  "waypoints": [
    {
      "idx": 1,
      "pos": [
        -32.06429857919687,
        -53.21602494891118,
        -3.38
      ],
      "tilt_deg": 45.0,
      "azimuth_deg": 300.0,
      "overlap_with_prev": 1.0
    },
    {
      "idx": 2,
      "pos": [
        -32.563073641104424,
        -53.44860757997541,
        -3.38
      ],
      "tilt_deg": 45.0,
      "azimuth_deg": 290.0,
      "overlap_with_prev": 0.996
    },
    {
      "idx": 3,
      "pos": [
        -34.722730216974846,
        -53.44860757997541,
        -3.38
      ],
      "tilt_deg": 45.0,
      "azimuth_deg": 250.0,
      "overlap_with_prev": 0.925
    },
    {
      "idx": 4,
      "pos": [
        -35.67231527681683,
        -52.90036439005719,
        -3.38
      ],
      "tilt_deg": 45.0,
      "azimuth_deg": 230.0,
      "overlap_with_prev": 0.969
    },
    {
      "idx": 5,
      "pos": [
        -35.22150527888241,
        -53.21602494891118,
        -3.38
      ],
      "tilt_deg": 45.0,
      "azimuth_deg": 240.0,
      "overlap_with_prev": 0.991
    },
    {
      "idx": 6,
      "pos": [
        -36.061462577111755,
        -52.51121708976227,
        -3.38
      ],
      "tilt_deg": 45.0,
      "azimuth_deg": 220.0,
      "overlap_with_prev": 0.982
    },
    {
      "idx": 7,
      "pos": [
        -36.377123135965746,
        -52.06040709182785,
        -3.38
      ],
      "tilt_deg": 45.0,
      "azimuth_deg": 210.0,
      "overlap_with_prev": 0.995
    }
  ]
}