{
  "altitude": 4,
  "final_coverage": 1.0,
  "path": [
    {
      "step": 1,
      "pos": [
        -32.888583200498815,
        -46.39836511144506,
        -3.82
      ],
      "alt": 4.0,
      "azimuth": 80.0,
      "score": 9148.0,
      "gained": 144,
      "coverage": 0.7129,
      "n_frontier": 0
    },
    {
      "step": 2,
      "pos": [
        -33.293256882824124,
        -56.81816037056963,
        -3.82
      ],
      "alt": 4.0,
      "azimuth": -86.4,
      "score": 3283.4,
      "gained": 58,
      "coverage": 1.0,
      "n_frontier": 54
    }
  ]
}