{
  "altitude": 6,
  "final_coverage": 1.0,
  "path": [
    {
      "step": 1,
      "pos": [
        -31.420000000000005,
        -54.72711431702997,
        -5.82
      ],
      "alt": 6.0,
      "azimuth": -60.0,
      "score": 5561.6,
      "gained": 184,
      "coverage": 0.9109,
      "n_frontier": 0
    },
    {
      "step": 2,
      "pos": [
        -38.17,
        -50.83,
        -5.82
      ],
      "alt": 6.0,
      "azimuth": 180.0,
      "score": 5.8,
      "gained": 16,
      "coverage": 0.9901,
      "n_frontier": 16
    },
    {
      "step": 3,
      "pos": [
        -30.455039230126022,
        -45.76403244698791,
        -5.82
      ],
      "alt": 6.0,
      "azimuth": 57.6,
      "score": 499.3,
      "gained": 2,
      "coverage": 1.0,
      "n_frontier": 1
    }
  ]
}