{
  "altitude": 3,
  "final_coverage": 0.9900990099009901,
  "path": [
    {
      "step": 1,
      "pos": [
        -32.888583200498815,
        -46.39836511144506,
        -2.82
      ],
      "alt": 3.0,
      "azimuth": 80.0,
      "score": 10804.9,
      "gained": 131,
      "coverage": 0.6485,
      "n_frontier": 0
    },
    {
      "step": 2,
      "pos": [
        -32.888583200498815,
        -55.26163488855494,
        -2.82
      ],
      "alt": 3.0,
      "azimuth": -80.0,
      "score": 7439.4,
      "gained": 62,
      "coverage": 0.9554,
      "n_frontier": 65
    },
    {
      "step": 3,
      "pos": [
        -42.37959652240149,
        -48.562197447533876,
        -2.82
      ],
      "alt": 3.0,
      "azimuth": 165.4,
      "score": -5.6,
      "gained": 7,
      "coverage": 0.9901,
      "n_frontier": 7
    }
  ]
}