{
  "Multi-\u03bb0.0": {
    "lambda": 0.0,
    "method": "multi-objective",
    "coverage": 0.267,
    "azimuths": [
      -135.00000000000003,
      -90.00000000000001,
      -67.49999999999999,
      -22.500000000000046,
      0.0,
      45.0,
      67.5,
      90.0,
      112.5,
      157.5
    ],
    "gaps": [
      45.000000000000014,
      22.50000000000003,
      44.99999999999994,
      22.500000000000046,
      45.0,
      22.5,
      22.5,
      22.5,
      45.0,
      67.49999999999997
    ],
    "max_gap": 67.49999999999997,
    "min_gap": 22.5,
    "mean_gap": 36.0,
    "std_gap": 14.924811556599284
  },
  "Multi-\u03bb0.25": {
    "lambda": 0.25,
    "method": "multi-objective",
    "coverage": 0.277,
    "azimuths": [
      -157.50000000000003,
      -135.00000000000003,
      -112.50000000000004,
      -90.00000000000001,
      -45.00000000000003,
      -22.500000000000046,
      0.0,
      45.0,
      112.5,
      157.5
    ],
    "gaps": [
      22.5,
      22.499999999999986,
      22.50000000000003,
      44.999999999999986,
      22.499999999999982,
      22.500000000000046,
      45.0,
      67.5,
      45.0,
      44.99999999999997
    ],
    "max_gap": 67.5,
    "min_gap": 22.499999999999982,
    "mean_gap": 36.0,
    "std_gap": 14.924811556599291
  },
  "Multi-\u03bb0.5": {
    "lambda": 0.5,
    "method": "multi-objective",
    "coverage": 0.277,
    "azimuths": [
      -157.50000000000003,
      -135.00000000000003,
      -112.50000000000004,
      -90.00000000000001,
      -45.00000000000003,
      -22.500000000000046,
      0.0,
      45.0,
      112.5,
      157.5
    ],
    "gaps": [
      22.5,
      22.499999999999986,
      22.50000000000003,
      44.999999999999986,
      22.499999999999982,
      22.500000000000046,
      45.0,
      67.5,
      45.0,
      44.99999999999997
    ],
    "max_gap": 67.5,
    "min_gap": 22.499999999999982,
    "mean_gap": 36.0,
    "std_gap": 14.924811556599291
  },
  "Multi-\u03bb0.75": {
    "lambda": 0.75,
    "method": "multi-objective",
    "coverage": 0.277,
    "azimuths": [
      -157.50000000000003,
      -135.00000000000003,
      -112.50000000000004,
      -90.00000000000001,
      -45.00000000000003,
      -22.500000000000046,
      0.0,
      45.0,
      112.5,
      157.5
    ],
    "gaps": [
      22.5,
      22.499999999999986,
      22.50000000000003,
      44.999999999999986,
      22.499999999999982,
      22.500000000000046,
      45.0,
      67.5,
      45.0,
      44.99999999999997
    ],
    "max_gap": 67.5,
    "min_gap": 22.499999999999982,
    "mean_gap": 36.0,
    "std_gap": 14.924811556599291
  },
  "Multi-\u03bb1.0": {
    "lambda": 1.0,
    "method": "multi-objective",
    "coverage": 0.284,
    "azimuths": [
      -157.50000000000003,
      -135.00000000000003,
      -90.00000000000001,
      -90.00000000000001,
      -22.500000000000046,
      0.0,
      22.500000000000004,
      90.0,
      112.5,
      180.0
    ],
    "gaps": [
      22.5,
      45.000000000000014,
      0.0,
      67.49999999999997,
      22.500000000000046,
      22.500000000000004,
      67.5,
      22.5,
      67.5,
      22.49999999999997
    ],
    "max_gap": 67.5,
    "min_gap": 0.0,
    "mean_gap": 36.0,
    "std_gap": 22.945587811167528
  },
  "Hierarchical": {
    "lambda": Infinity,
    "method": "hierarchical",
    "coverage": 0.243,
    "azimuths": [
      -135.0,
      -90.00000000000001,
      -67.49999999999999,
      -22.500000000000046,
      0.0,
      45.0,
      90.0,
      112.5,
      135.0,
      180.0
    ],
    "gaps": [
      44.999999999999986,
      22.50000000000003,
      44.99999999999994,
      22.500000000000046,
      45.0,
      45.0,
      22.5,
      22.5,
      45.0,
      45.0
    ],
    "max_gap": 45.0,
    "min_gap": 22.5,
    "mean_gap": 36.0,
    "std_gap": 11.022703842524287
  }
}